KEY,FREQ,CURRENCY,CURRENCY_DENOM,EXR_TYPE,EXR_SUFFIX,TIME_PERIOD,OBS_VALUE,OBS_STATUS,UNIT,TITLE
EXR.D.CZK.EUR.SP00.A,D,CZK,EUR,SP00,A,2025-01-02,24.9,A,CZK,Czech koruna/Euro - ECB reference exchange rate
EXR.D.CZK.EUR.SP00.A,D,CZK,EUR,SP00,A,2025-01-03,24.9197,A,CZK,Czech koruna/Euro - ECB reference exchange rate
EXR.D.CZK.EUR.SP00.A,D,CZK,EUR,SP00,A,2025-01-06,24.9391,A,CZK,Czech koruna/Euro - ECB reference exchange rate
EXR.D.CZK.EUR.SP00.A,D,CZK,EUR,SP00,A,2025-01-07,24.958,A,CZK,Czech koruna/Euro - ECB reference exchange rate
EXR.D.CZK.EUR.SP00.A,D,CZK,EUR,SP00,A,2025-01-08,24.9761,A,CZK,Czech koruna/Euro - ECB reference exchange rate
EXR.D.CZK.EUR.SP00.A,D,CZK,EUR,SP00,A,2025-01-09,24.9933,A,CZK,Czech koruna/Euro - ECB reference exchange rate
EXR.D.CZK.EUR.SP00.A,D,CZK,EUR,SP00,A,2025-01-10,25.0094,A,CZK,Czech koruna/Euro - ECB reference exchange rate
EXR.D.CZK.EUR.SP00.A,D,CZK,EUR,SP00,A,2025-01-13,25.0242,A,CZK,Czech koruna/Euro - ECB reference exchange rate
EXR.D.CZK.EUR.SP00.A,D,CZK,EUR,SP00,A,2025-01-14,25.0375,A,CZK,Czech koruna/Euro - ECB reference exchange rate
EXR.D.CZK.EUR.SP00.A,D,CZK,EUR,SP00,A,2025-01-15,25.0493,A,CZK,Czech koruna/Euro - ECB reference exchange rate
EXR.D.CZK.EUR.SP00.A,D,CZK,EUR,SP00,A,2025-01-16,25.0595,A,CZK,Czech koruna/Euro - ECB reference exchange rate
EXR.D.CZK.EUR.SP00.A,D,CZK,EUR,SP00,A,2025-01-17,25.0681,A,CZK,Czech koruna/Euro - ECB reference exchange rate
EXR.D.CZK.EUR.SP00.A,D,CZK,EUR,SP00,A,2025-01-20,25.0752,A,CZK,Czech koruna/Euro - ECB reference exchange rate
EXR.D.CZK.EUR.SP00.A,D,CZK,EUR,SP00,A,2025-01-21,25.0807,A,CZK,Czech koruna/Euro - ECB reference exchange rate
EXR.D.CZK.EUR.SP00.A,D,CZK,EUR,SP00,A,2025-01-22,25.0847,A,CZK,Czech koruna/Euro - ECB reference exchange rate
EXR.D.CZK.EUR.SP00.A,D,CZK,EUR,SP00,A,2025-01-23,25.0875,A,CZK,Czech koruna/Euro - ECB reference exchange rate
EXR.D.CZK.EUR.SP00.A,D,CZK,EUR,SP00,A,2025-01-24,25.0891,A,CZK,Czech koruna/Euro - ECB reference exchange rate
EXR.D.CZK.EUR.SP00.A,D,CZK,EUR,SP00,A,2025-01-27,25.0897,A,CZK,Czech koruna/Euro - ECB reference exchange rate
EXR.D.CZK.EUR.SP00.A,D,CZK,EUR,SP00,A,2025-01-28,25.0895,A,CZK,Czech koruna/Euro - ECB reference exchange rate
EXR.D.CZK.EUR.SP00.A,D,CZK,EUR,SP00,A,2025-01-29,25.0888,A,CZK,Czech koruna/Euro - ECB reference exchange rate
EXR.D.CZK.EUR.SP00.A,D,CZK,EUR,SP00,A,2025-01-30,25.0877,A,CZK,Czech koruna/Euro - ECB reference exchange rate
EXR.D.CZK.EUR.SP00.A,D,CZK,EUR,SP00,A,2025-01-31,25.0865,A,CZK,Czech koruna/Euro - ECB reference exchange rate
EXR.D.CZK.EUR.SP00.A,D,CZK,EUR,SP00,A,2025-02-03,25.0853,A,CZK,Czech koruna/Euro - ECB reference exchange rate
EXR.D.CZK.EUR.SP00.A,D,CZK,EUR,SP00,A,2025-02-04,25.0844,A,CZK,Czech koruna/Euro - ECB reference exchange rate
EXR.D.CZK.EUR.SP00.A,D,CZK,EUR,SP00,A,2025-02-05,25.0839,A,CZK,Czech koruna/Euro - ECB reference exchange rate
EXR.D.CZK.EUR.SP00.A,D,CZK,EUR,SP00,A,2025-02-06,25.084,A,CZK,Czech koruna/Euro - ECB reference exchange rate
EXR.D.CZK.EUR.SP00.A,D,CZK,EUR,SP00,A,2025-02-07,25.0849,A,CZK,Czech koruna/Euro - ECB reference exchange rate
EXR.D.CZK.EUR.SP00.A,D,CZK,EUR,SP00,A,2025-02-10,25.0865,A,CZK,Czech koruna/Euro - ECB reference exchange rate
EXR.D.CZK.EUR.SP00.A,D,CZK,EUR,SP00,A,2025-02-11,25.089,A,CZK,Czech koruna/Euro - ECB reference exchange rate
EXR.D.CZK.EUR.SP00.A,D,CZK,EUR,SP00,A,2025-02-12,25.0924,A,CZK,Czech koruna/Euro - ECB reference exchange rate
EXR.D.CZK.EUR.SP00.A,D,CZK,EUR,SP00,A,2025-02-13,25.0967,A,CZK,Czech koruna/Euro - ECB reference exchange rate
EXR.D.CZK.EUR.SP00.A,D,CZK,EUR,SP00,A,2025-02-14,25.1018,A,CZK,Czech koruna/Euro - ECB reference exchange rate
EXR.D.CZK.EUR.SP00.A,D,CZK,EUR,SP00,A,2025-02-17,25.1076,A,CZK,Czech koruna/Euro - ECB reference exchange rate
EXR.D.CZK.EUR.SP00.A,D,CZK,EUR,SP00,A,2025-02-18,25.1141,A,CZK,Czech koruna/Euro - ECB reference exchange rate
EXR.D.CZK.EUR.SP00.A,D,CZK,EUR,SP00,A,2025-02-19,25.121,A,CZK,Czech koruna/Euro - ECB reference exchange rate
EXR.D.CZK.EUR.SP00.A,D,CZK,EUR,SP00,A,2025-02-20,25.1282,A,CZK,Czech koruna/Euro - ECB reference exchange rate
EXR.D.CZK.EUR.SP00.A,D,CZK,EUR,SP00,A,2025-02-21,25.1355,A,CZK,Czech koruna/Euro - ECB reference exchange rate
EXR.D.CZK.EUR.SP00.A,D,CZK,EUR,SP00,A,2025-02-24,25.1426,A,CZK,Czech koruna/Euro - ECB reference exchange rate
EXR.D.CZK.EUR.SP00.A,D,CZK,EUR,SP00,A,2025-02-25,25.1495,A,CZK,Czech koruna/Euro - ECB reference exchange rate
EXR.D.CZK.EUR.SP00.A,D,CZK,EUR,SP00,A,2025-02-26,25.1557,A,CZK,Czech koruna/Euro - ECB reference exchange rate
EXR.D.CZK.EUR.SP00.A,D,CZK,EUR,SP00,A,2025-02-27,25.1611,A,CZK,Czech koruna/Euro - ECB reference exchange rate
EXR.D.CZK.EUR.SP00.A,D,CZK,EUR,SP00,A,2025-02-28,25.1655,A,CZK,Czech koruna/Euro - ECB reference exchange rate
EXR.D.CZK.EUR.SP00.A,D,CZK,EUR,SP00,A,2025-03-03,25.1687,A,CZK,Czech koruna/Euro - ECB reference exchange rate
EXR.D.CZK.EUR.SP00.A,D,CZK,EUR,SP00,A,2025-03-04,25.1705,A,CZK,Czech koruna/Euro - ECB reference exchange rate
EXR.D.CZK.EUR.SP00.A,D,CZK,EUR,SP00,A,2025-03-05,25.1707,A,CZK,Czech koruna/Euro - ECB reference exchange rate
EXR.D.CZK.EUR.SP00.A,D,CZK,EUR,SP00,A,2025-03-06,25.1693,A,CZK,Czech koruna/Euro - ECB reference exchange rate
EXR.D.CZK.EUR.SP00.A,D,CZK,EUR,SP00,A,2025-03-07,25.1661,A,CZK,Czech koruna/Euro - ECB reference exchange rate
EXR.D.CZK.EUR.SP00.A,D,CZK,EUR,SP00,A,2025-03-10,25.1611,A,CZK,Czech koruna/Euro - ECB reference exchange rate
EXR.D.CZK.EUR.SP00.A,D,CZK,EUR,SP00,A,2025-03-11,25.1542,A,CZK,Czech koruna/Euro - ECB reference exchange rate
EXR.D.CZK.EUR.SP00.A,D,CZK,EUR,SP00,A,2025-03-12,25.1456,A,CZK,Czech koruna/Euro - ECB reference exchange rate
EXR.D.CZK.EUR.SP00.A,D,CZK,EUR,SP00,A,2025-03-13,25.1353,A,CZK,Czech koruna/Euro - ECB reference exchange rate
EXR.D.CZK.EUR.SP00.A,D,CZK,EUR,SP00,A,2025-03-14,25.1233,A,CZK,Czech koruna/Euro - ECB reference exchange rate
EXR.D.CZK.EUR.SP00.A,D,CZK,EUR,SP00,A,2025-03-17,25.1098,A,CZK,Czech koruna/Euro - ECB reference exchange rate
EXR.D.CZK.EUR.SP00.A,D,CZK,EUR,SP00,A,2025-03-18,25.0951,A,CZK,Czech koruna/Euro - ECB reference exchange rate
EXR.D.CZK.EUR.SP00.A,D,CZK,EUR,SP00,A,2025-03-19,25.0792,A,CZK,Czech koruna/Euro - ECB reference exchange rate
EXR.D.CZK.EUR.SP00.A,D,CZK,EUR,SP00,A,2025-03-20,25.0624,A,CZK,Czech koruna/Euro - ECB reference exchange rate
EXR.D.CZK.EUR.SP00.A,D,CZK,EUR,SP00,A,2025-03-21,25.0449,A,CZK,Czech koruna/Euro - ECB reference exchange rate
EXR.D.CZK.EUR.SP00.A,D,CZK,EUR,SP00,A,2025-03-24,25.0271,A,CZK,Czech koruna/Euro - ECB reference exchange rate
EXR.D.CZK.EUR.SP00.A,D,CZK,EUR,SP00,A,2025-03-25,25.009,A,CZK,Czech koruna/Euro - ECB reference exchange rate
EXR.D.CZK.EUR.SP00.A,D,CZK,EUR,SP00,A,2025-03-26,24.9911,A,CZK,Czech koruna/Euro - ECB reference exchange rate
EXR.D.CZK.EUR.SP00.A,D,CZK,EUR,SP00,A,2025-03-27,24.9734,A,CZK,Czech koruna/Euro - ECB reference exchange rate
EXR.D.CZK.EUR.SP00.A,D,CZK,EUR,SP00,A,2025-03-28,24.9564,A,CZK,Czech koruna/Euro - ECB reference exchange rate
EXR.D.CZK.EUR.SP00.A,D,CZK,EUR,SP00,A,2025-03-31,24.94,A,CZK,Czech koruna/Euro - ECB reference exchange rate
EXR.D.CZK.EUR.SP00.A,D,CZK,EUR,SP00,A,2025-04-01,24.9246,A,CZK,Czech koruna/Euro - ECB reference exchange rate
EXR.D.CZK.EUR.SP00.A,D,CZK,EUR,SP00,A,2025-04-02,24.9103,A,CZK,Czech koruna/Euro - ECB reference exchange rate
EXR.D.CZK.EUR.SP00.A,D,CZK,EUR,SP00,A,2025-04-03,24.8971,A,CZK,Czech koruna/Euro - ECB reference exchange rate
EXR.D.CZK.EUR.SP00.A,D,CZK,EUR,SP00,A,2025-04-04,24.8853,A,CZK,Czech koruna/Euro - ECB reference exchange rate
EXR.D.CZK.EUR.SP00.A,D,CZK,EUR,SP00,A,2025-04-07,24.8747,A,CZK,Czech koruna/Euro - ECB reference exchange rate
EXR.D.CZK.EUR.SP00.A,D,CZK,EUR,SP00,A,2025-04-08,24.8655,A,CZK,Czech koruna/Euro - ECB reference exchange rate
EXR.D.CZK.EUR.SP00.A,D,CZK,EUR,SP00,A,2025-04-09,24.8575,A,CZK,Czech koruna/Euro - ECB reference exchange rate
EXR.D.CZK.EUR.SP00.A,D,CZK,EUR,SP00,A,2025-04-10,24.8508,A,CZK,Czech koruna/Euro - ECB reference exchange rate
EXR.D.CZK.EUR.SP00.A,D,CZK,EUR,SP00,A,2025-04-11,24.8451,A,CZK,Czech koruna/Euro - ECB reference exchange rate
EXR.D.CZK.EUR.SP00.A,D,CZK,EUR,SP00,A,2025-04-14,24.8405,A,CZK,Czech koruna/Euro - ECB reference exchange rate
EXR.D.CZK.EUR.SP00.A,D,CZK,EUR,SP00,A,2025-04-15,24.8366,A,CZK,Czech koruna/Euro - ECB reference exchange rate
EXR.D.CZK.EUR.SP00.A,D,CZK,EUR,SP00,A,2025-04-16,24.8334,A,CZK,Czech koruna/Euro - ECB reference exchange rate
EXR.D.CZK.EUR.SP00.A,D,CZK,EUR,SP00,A,2025-04-17,24.8306,A,CZK,Czech koruna/Euro - ECB reference exchange rate
EXR.D.CZK.EUR.SP00.A,D,CZK,EUR,SP00,A,2025-04-18,24.828,A,CZK,Czech koruna/Euro - ECB reference exchange rate
EXR.D.CZK.EUR.SP00.A,D,CZK,EUR,SP00,A,2025-04-21,24.8255,A,CZK,Czech koruna/Euro - ECB reference exchange rate
EXR.D.CZK.EUR.SP00.A,D,CZK,EUR,SP00,A,2025-04-22,24.8228,A,CZK,Czech koruna/Euro - ECB reference exchange rate
EXR.D.CZK.EUR.SP00.A,D,CZK,EUR,SP00,A,2025-04-23,24.8197,A,CZK,Czech koruna/Euro - ECB reference exchange rate
EXR.D.CZK.EUR.SP00.A,D,CZK,EUR,SP00,A,2025-04-24,24.816,A,CZK,Czech koruna/Euro - ECB reference exchange rate
EXR.D.CZK.EUR.SP00.A,D,CZK,EUR,SP00,A,2025-04-25,24.8116,A,CZK,Czech koruna/Euro - ECB reference exchange rate
EXR.D.CZK.EUR.SP00.A,D,CZK,EUR,SP00,A,2025-04-28,24.8064,A,CZK,Czech koruna/Euro - ECB reference exchange rate
EXR.D.CZK.EUR.SP00.A,D,CZK,EUR,SP00,A,2025-04-29,24.8002,A,CZK,Czech koruna/Euro - ECB reference exchange rate
EXR.D.CZK.EUR.SP00.A,D,CZK,EUR,SP00,A,2025-04-30,24.793,A,CZK,Czech koruna/Euro - ECB reference exchange rate
EXR.D.CZK.EUR.SP00.A,D,CZK,EUR,SP00,A,2025-05-01,24.7847,A,CZK,Czech koruna/Euro - ECB reference exchange rate
EXR.D.CZK.EUR.SP00.A,D,CZK,EUR,SP00,A,2025-05-02,24.7755,A,CZK,Czech koruna/Euro - ECB reference exchange rate
EXR.D.CZK.EUR.SP00.A,D,CZK,EUR,SP00,A,2025-05-05,24.7652,A,CZK,Czech koruna/Euro - ECB reference exchange rate
EXR.D.CZK.EUR.SP00.A,D,CZK,EUR,SP00,A,2025-05-06,24.754,A,CZK,Czech koruna/Euro - ECB reference exchange rate
EXR.D.CZK.EUR.SP00.A,D,CZK,EUR,SP00,A,2025-05-07,24.7419,A,CZK,Czech koruna/Euro - ECB reference exchange rate
EXR.D.CZK.EUR.SP00.A,D,CZK,EUR,SP00,A,2025-05-08,24.7293,A,CZK,Czech koruna/Euro - ECB reference exchange rate
EXR.D.CZK.EUR.SP00.A,D,CZK,EUR,SP00,A,2025-05-09,24.7161,A,CZK,Czech koruna/Euro - ECB reference exchange rate
EXR.D.CZK.EUR.SP00.A,D,CZK,EUR,SP00,A,2025-05-12,24.7027,A,CZK,Czech koruna/Euro - ECB reference exchange rate
EXR.D.CZK.EUR.SP00.A,D,CZK,EUR,SP00,A,2025-05-13,24.6892,A,CZK,Czech koruna/Euro - ECB reference exchange rate
EXR.D.CZK.EUR.SP00.A,D,CZK,EUR,SP00,A,2025-05-14,24.6758,A,CZK,Czech koruna/Euro - ECB reference exchange rate
EXR.D.CZK.EUR.SP00.A,D,CZK,EUR,SP00,A,2025-05-15,24.6629,A,CZK,Czech koruna/Euro - ECB reference exchange rate
EXR.D.CZK.EUR.SP00.A,D,CZK,EUR,SP00,A,2025-05-16,24.6507,A,CZK,Czech koruna/Euro - ECB reference exchange rate
EXR.D.CZK.EUR.SP00.A,D,CZK,EUR,SP00,A,2025-05-19,24.6393,A,CZK,Czech koruna/Euro - ECB reference exchange rate
EXR.D.CZK.EUR.SP00.A,D,CZK,EUR,SP00,A,2025-05-20,24.629,A,CZK,Czech koruna/Euro - ECB reference exchange rate
EXR.D.CZK.EUR.SP00.A,D,CZK,EUR,SP00,A,2025-05-21,24.62,A,CZK,Czech koruna/Euro - ECB reference exchange rate
EXR.D.CZK.EUR.SP00.A,D,CZK,EUR,SP00,A,2025-05-22,24.6126,A,CZK,Czech koruna/Euro - ECB reference exchange rate
EXR.D.CZK.EUR.SP00.A,D,CZK,EUR,SP00,A,2025-05-23,24.6067,A,CZK,Czech koruna/Euro - ECB reference exchange rate
EXR.D.CZK.EUR.SP00.A,D,CZK,EUR,SP00,A,2025-05-26,24.6027,A,CZK,Czech koruna/Euro - ECB reference exchange rate
EXR.D.CZK.EUR.SP00.A,D,CZK,EUR,SP00,A,2025-05-27,24.6004,A,CZK,Czech koruna/Euro - ECB reference exchange rate
EXR.D.CZK.EUR.SP00.A,D,CZK,EUR,SP00,A,2025-05-28,24.6001,A,CZK,Czech koruna/Euro - ECB reference exchange rate
EXR.D.CZK.EUR.SP00.A,D,CZK,EUR,SP00,A,2025-05-29,24.6017,A,CZK,Czech koruna/Euro - ECB reference exchange rate
EXR.D.CZK.EUR.SP00.A,D,CZK,EUR,SP00,A,2025-05-30,24.6051,A,CZK,Czech koruna/Euro - ECB reference exchange rate
EXR.D.CZK.EUR.SP00.A,D,CZK,EUR,SP00,A,2025-06-02,24.6103,A,CZK,Czech koruna/Euro - ECB reference exchange rate
EXR.D.CZK.EUR.SP00.A,D,CZK,EUR,SP00,A,2025-06-03,24.6173,A,CZK,Czech koruna/Euro - ECB reference exchange rate
EXR.D.CZK.EUR.SP00.A,D,CZK,EUR,SP00,A,2025-06-04,24.6257,A,CZK,Czech koruna/Euro - ECB reference exchange rate
EXR.D.CZK.EUR.SP00.A,D,CZK,EUR,SP00,A,2025-06-05,24.6356,A,CZK,Czech koruna/Euro - ECB reference exchange rate
EXR.D.CZK.EUR.SP00.A,D,CZK,EUR,SP00,A,2025-06-06,24.6466,A,CZK,Czech koruna/Euro - ECB reference exchange rate
EXR.D.CZK.EUR.SP00.A,D,CZK,EUR,SP00,A,2025-06-09,24.6586,A,CZK,Czech koruna/Euro - ECB reference exchange rate
EXR.D.CZK.EUR.SP00.A,D,CZK,EUR,SP00,A,2025-06-10,24.6713,A,CZK,Czech koruna/Euro - ECB reference exchange rate
EXR.D.CZK.EUR.SP00.A,D,CZK,EUR,SP00,A,2025-06-11,24.6845,A,CZK,Czech koruna/Euro - ECB reference exchange rate
EXR.D.CZK.EUR.SP00.A,D,CZK,EUR,SP00,A,2025-06-12,24.698,A,CZK,Czech koruna/Euro - ECB reference exchange rate
EXR.D.CZK.EUR.SP00.A,D,CZK,EUR,SP00,A,2025-06-13,24.7115,A,CZK,Czech koruna/Euro - ECB reference exchange rate
EXR.D.CZK.EUR.SP00.A,D,CZK,EUR,SP00,A,2025-06-16,24.7248,A,CZK,Czech koruna/Euro - ECB reference exchange rate
EXR.D.CZK.EUR.SP00.A,D,CZK,EUR,SP00,A,2025-06-17,24.7376,A,CZK,Czech koruna/Euro - ECB reference exchange rate
EXR.D.CZK.EUR.SP00.A,D,CZK,EUR,SP00,A,2025-06-18,24.7499,A,CZK,Czech koruna/Euro - ECB reference exchange rate
EXR.D.CZK.EUR.SP00.A,D,CZK,EUR,SP00,A,2025-06-19,24.7614,A,CZK,Czech koruna/Euro - ECB reference exchange rate
EXR.D.CZK.EUR.SP00.A,D,CZK,EUR,SP00,A,2025-06-20,24.772,A,CZK,Czech koruna/Euro - ECB reference exchange rate
EXR.D.CZK.EUR.SP00.A,D,CZK,EUR,SP00,A,2025-06-23,24.7817,A,CZK,Czech koruna/Euro - ECB reference exchange rate
EXR.D.CZK.EUR.SP00.A,D,CZK,EUR,SP00,A,2025-06-24,24.7903,A,CZK,Czech koruna/Euro - ECB reference exchange rate
EXR.D.CZK.EUR.SP00.A,D,CZK,EUR,SP00,A,2025-06-25,24.7978,A,CZK,Czech koruna/Euro - ECB reference exchange rate
EXR.D.CZK.EUR.SP00.A,D,CZK,EUR,SP00,A,2025-06-26,24.8044,A,CZK,Czech koruna/Euro - ECB reference exchange rate
EXR.D.CZK.EUR.SP00.A,D,CZK,EUR,SP00,A,2025-06-27,24.8099,A,CZK,Czech koruna/Euro - ECB reference exchange rate
EXR.D.CZK.EUR.SP00.A,D,CZK,EUR,SP00,A,2025-06-30,24.8146,A,CZK,Czech koruna/Euro - ECB reference exchange rate
EXR.D.CZK.EUR.SP00.A,D,CZK,EUR,SP00,A,2025-07-01,24.8185,A,CZK,Czech koruna/Euro - ECB reference exchange rate
EXR.D.CZK.EUR.SP00.A,D,CZK,EUR,SP00,A,2025-07-02,24.8217,A,CZK,Czech koruna/Euro - ECB reference exchange rate
EXR.D.CZK.EUR.SP00.A,D,CZK,EUR,SP00,A,2025-07-03,24.8246,A,CZK,Czech koruna/Euro - ECB reference exchange rate
EXR.D.CZK.EUR.SP00.A,D,CZK,EUR,SP00,A,2025-07-04,24.8272,A,CZK,Czech koruna/Euro - ECB reference exchange rate
EXR.D.CZK.EUR.SP00.A,D,CZK,EUR,SP00,A,2025-07-07,24.8297,A,CZK,Czech koruna/Euro - ECB reference exchange rate
EXR.D.CZK.EUR.SP00.A,D,CZK,EUR,SP00,A,2025-07-08,24.8324,A,CZK,Czech koruna/Euro - ECB reference exchange rate
EXR.D.CZK.EUR.SP00.A,D,CZK,EUR,SP00,A,2025-07-09,24.8354,A,CZK,Czech koruna/Euro - ECB reference exchange rate
EXR.D.CZK.EUR.SP00.A,D,CZK,EUR,SP00,A,2025-07-10,24.8391,A,CZK,Czech koruna/Euro - ECB reference exchange rate
EXR.D.CZK.EUR.SP00.A,D,CZK,EUR,SP00,A,2025-07-11,24.8434,A,CZK,Czech koruna/Euro - ECB reference exchange rate
EXR.D.CZK.EUR.SP00.A,D,CZK,EUR,SP00,A,2025-07-14,24.8487,A,CZK,Czech koruna/Euro - ECB reference exchange rate
EXR.D.CZK.EUR.SP00.A,D,CZK,EUR,SP00,A,2025-07-15,24.8551,A,CZK,Czech koruna/Euro - ECB reference exchange rate
EXR.D.CZK.EUR.SP00.A,D,CZK,EUR,SP00,A,2025-07-16,24.8626,A,CZK,Czech koruna/Euro - ECB reference exchange rate
EXR.D.CZK.EUR.SP00.A,D,CZK,EUR,SP00,A,2025-07-17,24.8714,A,CZK,Czech koruna/Euro - ECB reference exchange rate
EXR.D.CZK.EUR.SP00.A,D,CZK,EUR,SP00,A,2025-07-18,24.8815,A,CZK,Czech koruna/Euro - ECB reference exchange rate
EXR.D.CZK.EUR.SP00.A,D,CZK,EUR,SP00,A,2025-07-21,24.8929,A,CZK,Czech koruna/Euro - ECB reference exchange rate
EXR.D.CZK.EUR.SP00.A,D,CZK,EUR,SP00,A,2025-07-22,24.9056,A,CZK,Czech koruna/Euro - ECB reference exchange rate
EXR.D.CZK.EUR.SP00.A,D,CZK,EUR,SP00,A,2025-07-23,24.9195,A,CZK,Czech koruna/Euro - ECB reference exchange rate
EXR.D.CZK.EUR.SP00.A,D,CZK,EUR,SP00,A,2025-07-24,24.9346,A,CZK,Czech koruna/Euro - ECB reference exchange rate
EXR.D.CZK.EUR.SP00.A,D,CZK,EUR,SP00,A,2025-07-25,24.9506,A,CZK,Czech koruna/Euro - ECB reference exchange rate
EXR.D.CZK.EUR.SP00.A,D,CZK,EUR,SP00,A,2025-07-28,24.9675,A,CZK,Czech koruna/Euro - ECB reference exchange rate
EXR.D.CZK.EUR.SP00.A,D,CZK,EUR,SP00,A,2025-07-29,24.9849,A,CZK,Czech koruna/Euro - ECB reference exchange rate
EXR.D.CZK.EUR.SP00.A,D,CZK,EUR,SP00,A,2025-07-30,25.0028,A,CZK,Czech koruna/Euro - ECB reference exchange rate
EXR.D.CZK.EUR.SP00.A,D,CZK,EUR,SP00,A,2025-07-31,25.0208,A,CZK,Czech koruna/Euro - ECB reference exchange rate
EXR.D.CZK.EUR.SP00.A,D,CZK,EUR,SP00,A,2025-08-01,25.0388,A,CZK,Czech koruna/Euro - ECB reference exchange rate
EXR.D.CZK.EUR.SP00.A,D,CZK,EUR,SP00,A,2025-08-04,25.0564,A,CZK,Czech koruna/Euro - ECB reference exchange rate
EXR.D.CZK.EUR.SP00.A,D,CZK,EUR,SP00,A,2025-08-05,25.0735,A,CZK,Czech koruna/Euro - ECB reference exchange rate
EXR.D.CZK.EUR.SP00.A,D,CZK,EUR,SP00,A,2025-08-06,25.0897,A,CZK,Czech koruna/Euro - ECB reference exchange rate
EXR.D.CZK.EUR.SP00.A,D,CZK,EUR,SP00,A,2025-08-07,25.1049,A,CZK,Czech koruna/Euro - ECB reference exchange rate
EXR.D.CZK.EUR.SP00.A,D,CZK,EUR,SP00,A,2025-08-08,25.1188,A,CZK,Czech koruna/Euro - ECB reference exchange rate
EXR.D.CZK.EUR.SP00.A,D,CZK,EUR,SP00,A,2025-08-11,25.1313,A,CZK,Czech koruna/Euro - ECB reference exchange rate
EXR.D.CZK.EUR.SP00.A,D,CZK,EUR,SP00,A,2025-08-12,25.1422,A,CZK,Czech koruna/Euro - ECB reference exchange rate
EXR.D.CZK.EUR.SP00.A,D,CZK,EUR,SP00,A,2025-08-13,25.1515,A,CZK,Czech koruna/Euro - ECB reference exchange rate
EXR.D.CZK.EUR.SP00.A,D,CZK,EUR,SP00,A,2025-08-14,25.1589,A,CZK,Czech koruna/Euro - ECB reference exchange rate
EXR.D.CZK.EUR.SP00.A,D,CZK,EUR,SP00,A,2025-08-15,25.1645,A,CZK,Czech koruna/Euro - ECB reference exchange rate
EXR.D.CZK.EUR.SP00.A,D,CZK,EUR,SP00,A,2025-08-18,25.1684,A,CZK,Czech koruna/Euro - ECB reference exchange rate
EXR.D.CZK.EUR.SP00.A,D,CZK,EUR,SP00,A,2025-08-19,25.1704,A,CZK,Czech koruna/Euro - ECB reference exchange rate
EXR.D.CZK.EUR.SP00.A,D,CZK,EUR,SP00,A,2025-08-20,25.1707,A,CZK,Czech koruna/Euro - ECB reference exchange rate
EXR.D.CZK.EUR.SP00.A,D,CZK,EUR,SP00,A,2025-08-21,25.1695,A,CZK,Czech koruna/Euro - ECB reference exchange rate
EXR.D.CZK.EUR.SP00.A,D,CZK,EUR,SP00,A,2025-08-22,25.1667,A,CZK,Czech koruna/Euro - ECB reference exchange rate
EXR.D.CZK.EUR.SP00.A,D,CZK,EUR,SP00,A,2025-08-25,25.1627,A,CZK,Czech koruna/Euro - ECB reference exchange rate
EXR.D.CZK.EUR.SP00.A,D,CZK,EUR,SP00,A,2025-08-26,25.1576,A,CZK,Czech koruna/Euro - ECB reference exchange rate
EXR.D.CZK.EUR.SP00.A,D,CZK,EUR,SP00,A,2025-08-27,25.1517,A,CZK,Czech koruna/Euro - ECB reference exchange rate
EXR.D.CZK.EUR.SP00.A,D,CZK,EUR,SP00,A,2025-08-28,25.145,A,CZK,Czech koruna/Euro - ECB reference exchange rate
EXR.D.CZK.EUR.SP00.A,D,CZK,EUR,SP00,A,2025-08-29,25.138,A,CZK,Czech koruna/Euro - ECB reference exchange rate
EXR.D.CZK.EUR.SP00.A,D,CZK,EUR,SP00,A,2025-09-01,25.1307,A,CZK,Czech koruna/Euro - ECB reference exchange rate
EXR.D.CZK.EUR.SP00.A,D,CZK,EUR,SP00,A,2025-09-02,25.1235,A,CZK,Czech koruna/Euro - ECB reference exchange rate
EXR.D.CZK.EUR.SP00.A,D,CZK,EUR,SP00,A,2025-09-03,25.1164,A,CZK,Czech koruna/Euro - ECB reference exchange rate
EXR.D.CZK.EUR.SP00.A,D,CZK,EUR,SP00,A,2025-09-04,25.1098,A,CZK,Czech koruna/Euro - ECB reference exchange rate
EXR.D.CZK.EUR.SP00.A,D,CZK,EUR,SP00,A,2025-09-05,25.1037,A,CZK,Czech koruna/Euro - ECB reference exchange rate
EXR.D.CZK.EUR.SP00.A,D,CZK,EUR,SP00,A,2025-09-08,25.0984,A,CZK,Czech koruna/Euro - ECB reference exchange rate
EXR.D.CZK.EUR.SP00.A,D,CZK,EUR,SP00,A,2025-09-09,25.0938,A,CZK,Czech koruna/Euro - ECB reference exchange rate
EXR.D.CZK.EUR.SP00.A,D,CZK,EUR,SP00,A,2025-09-10,25.0901,A,CZK,Czech koruna/Euro - ECB reference exchange rate
EXR.D.CZK.EUR.SP00.A,D,CZK,EUR,SP00,A,2025-09-11,25.0873,A,CZK,Czech koruna/Euro - ECB reference exchange rate
EXR.D.CZK.EUR.SP00.A,D,CZK,EUR,SP00,A,2025-09-12,25.0853,A,CZK,Czech koruna/Euro - ECB reference exchange rate
EXR.D.CZK.EUR.SP00.A,D,CZK,EUR,SP00,A,2025-09-15,25.0842,A,CZK,Czech koruna/Euro - ECB reference exchange rate
EXR.D.CZK.EUR.SP00.A,D,CZK,EUR,SP00,A,2025-09-16,25.0839,A,CZK,Czech koruna/Euro - ECB reference exchange rate
EXR.D.CZK.EUR.SP00.A,D,CZK,EUR,SP00,A,2025-09-17,25.0842,A,CZK,Czech koruna/Euro - ECB reference exchange rate
EXR.D.CZK.EUR.SP00.A,D,CZK,EUR,SP00,A,2025-09-18,25.085,A,CZK,Czech koruna/Euro - ECB reference exchange rate
EXR.D.CZK.EUR.SP00.A,D,CZK,EUR,SP00,A,2025-09-19,25.0861,A,CZK,Czech koruna/Euro - ECB reference exchange rate
EXR.D.CZK.EUR.SP00.A,D,CZK,EUR,SP00,A,2025-09-22,25.0873,A,CZK,Czech koruna/Euro - ECB reference exchange rate
EXR.D.CZK.EUR.SP00.A,D,CZK,EUR,SP00,A,2025-09-23,25.0885,A,CZK,Czech koruna/Euro - ECB reference exchange rate
EXR.D.CZK.EUR.SP00.A,D,CZK,EUR,SP00,A,2025-09-24,25.0893,A,CZK,Czech koruna/Euro - ECB reference exchange rate
EXR.D.CZK.EUR.SP00.A,D,CZK,EUR,SP00,A,2025-09-25,25.0897,A,CZK,Czech koruna/Euro - ECB reference exchange rate
EXR.D.CZK.EUR.SP00.A,D,CZK,EUR,SP00,A,2025-09-26,25.0894,A,CZK,Czech koruna/Euro - ECB reference exchange rate
EXR.D.CZK.EUR.SP00.A,D,CZK,EUR,SP00,A,2025-09-29,25.0881,A,CZK,Czech koruna/Euro - ECB reference exchange rate
EXR.D.CZK.EUR.SP00.A,D,CZK,EUR,SP00,A,2025-09-30,25.0858,A,CZK,Czech koruna/Euro - ECB reference exchange rate
EXR.D.CZK.EUR.SP00.A,D,CZK,EUR,SP00,A,2025-10-01,25.0822,A,CZK,Czech koruna/Euro - ECB reference exchange rate
EXR.D.CZK.EUR.SP00.A,D,CZK,EUR,SP00,A,2025-10-02,25.0772,A,CZK,Czech koruna/Euro - ECB reference exchange rate
EXR.D.CZK.EUR.SP00.A,D,CZK,EUR,SP00,A,2025-10-03,25.0707,A,CZK,Czech koruna/Euro - ECB reference exchange rate
EXR.D.CZK.EUR.SP00.A,D,CZK,EUR,SP00,A,2025-10-06,25.0627,A,CZK,Czech koruna/Euro - ECB reference exchange rate
EXR.D.CZK.EUR.SP00.A,D,CZK,EUR,SP00,A,2025-10-07,25.053,A,CZK,Czech koruna/Euro - ECB reference exchange rate
EXR.D.CZK.EUR.SP00.A,D,CZK,EUR,SP00,A,2025-10-08,25.0418,A,CZK,Czech koruna/Euro - ECB reference exchange rate
EXR.D.CZK.EUR.SP00.A,D,CZK,EUR,SP00,A,2025-10-09,25.029,A,CZK,Czech koruna/Euro - ECB reference exchange rate
EXR.D.CZK.EUR.SP00.A,D,CZK,EUR,SP00,A,2025-10-10,25.0147,A,CZK,Czech koruna/Euro - ECB reference exchange rate
EXR.D.CZK.EUR.SP00.A,D,CZK,EUR,SP00,A,2025-10-13,24.999,A,CZK,Czech koruna/Euro - ECB reference exchange rate
EXR.D.CZK.EUR.SP00.A,D,CZK,EUR,SP00,A,2025-10-14,24.9822,A,CZK,Czech koruna/Euro - ECB reference exchange rate
EXR.D.CZK.EUR.SP00.A,D,CZK,EUR,SP00,A,2025-10-15,24.9643,A,CZK,Czech koruna/Euro - ECB reference exchange rate
EXR.D.CZK.EUR.SP00.A,D,CZK,EUR,SP00,A,2025-10-16,24.9456,A,CZK,Czech koruna/Euro - ECB reference exchange rate
EXR.D.CZK.EUR.SP00.A,D,CZK,EUR,SP00,A,2025-10-17,24.9264,A,CZK,Czech koruna/Euro - ECB reference exchange rate
EXR.D.CZK.EUR.SP00.A,D,CZK,EUR,SP00,A,2025-10-20,24.9068,A,CZK,Czech koruna/Euro - ECB reference exchange rate
EXR.D.CZK.EUR.SP00.A,D,CZK,EUR,SP00,A,2025-10-21,24.8871,A,CZK,Czech koruna/Euro - ECB reference exchange rate
EXR.D.CZK.EUR.SP00.A,D,CZK,EUR,SP00,A,2025-10-22,24.8676,A,CZK,Czech koruna/Euro - ECB reference exchange rate
EXR.D.CZK.EUR.SP00.A,D,CZK,EUR,SP00,A,2025-10-23,24.8485,A,CZK,Czech koruna/Euro - ECB reference exchange rate
EXR.D.CZK.EUR.SP00.A,D,CZK,EUR,SP00,A,2025-10-24,24.83,A,CZK,Czech koruna/Euro - ECB reference exchange rate
EXR.D.CZK.EUR.SP00.A,D,CZK,EUR,SP00,A,2025-10-27,24.8125,A,CZK,Czech koruna/Euro - ECB reference exchange rate
EXR.D.CZK.EUR.SP00.A,D,CZK,EUR,SP00,A,2025-10-28,24.796,A,CZK,Czech koruna/Euro - ECB reference exchange rate
EXR.D.CZK.EUR.SP00.A,D,CZK,EUR,SP00,A,2025-10-29,24.7808,A,CZK,Czech koruna/Euro - ECB reference exchange rate
EXR.D.CZK.EUR.SP00.A,D,CZK,EUR,SP00,A,2025-10-30,24.7669,A,CZK,Czech koruna/Euro - ECB reference exchange rate
EXR.D.CZK.EUR.SP00.A,D,CZK,EUR,SP00,A,2025-10-31,24.7546,A,CZK,Czech koruna/Euro - ECB reference exchange rate
EXR.D.CZK.EUR.SP00.A,D,CZK,EUR,SP00,A,2025-11-03,24.7438,A,CZK,Czech koruna/Euro - ECB reference exchange rate
EXR.D.CZK.EUR.SP00.A,D,CZK,EUR,SP00,A,2025-11-04,24.7346,A,CZK,Czech koruna/Euro - ECB reference exchange rate
EXR.D.CZK.EUR.SP00.A,D,CZK,EUR,SP00,A,2025-11-05,24.7271,A,CZK,Czech koruna/Euro - ECB reference exchange rate
EXR.D.CZK.EUR.SP00.A,D,CZK,EUR,SP00,A,2025-11-06,24.7211,A,CZK,Czech koruna/Euro - ECB reference exchange rate
EXR.D.CZK.EUR.SP00.A,D,CZK,EUR,SP00,A,2025-11-07,24.7165,A,CZK,Czech koruna/Euro - ECB reference exchange rate
EXR.D.CZK.EUR.SP00.A,D,CZK,EUR,SP00,A,2025-11-10,24.7133,A,CZK,Czech koruna/Euro - ECB reference exchange rate
EXR.D.CZK.EUR.SP00.A,D,CZK,EUR,SP00,A,2025-11-11,24.7114,A,CZK,Czech koruna/Euro - ECB reference exchange rate
EXR.D.CZK.EUR.SP00.A,D,CZK,EUR,SP00,A,2025-11-12,24.7104,A,CZK,Czech koruna/Euro - ECB reference exchange rate
EXR.D.CZK.EUR.SP00.A,D,CZK,EUR,SP00,A,2025-11-13,24.7103,A,CZK,Czech koruna/Euro - ECB reference exchange rate
EXR.D.CZK.EUR.SP00.A,D,CZK,EUR,SP00,A,2025-11-14,24.7109,A,CZK,Czech koruna/Euro - ECB reference exchange rate
EXR.D.CZK.EUR.SP00.A,D,CZK,EUR,SP00,A,2025-11-17,24.7119,A,CZK,Czech koruna/Euro - ECB reference exchange rate
EXR.D.CZK.EUR.SP00.A,D,CZK,EUR,SP00,A,2025-11-18,24.7131,A,CZK,Czech koruna/Euro - ECB reference exchange rate
EXR.D.CZK.EUR.SP00.A,D,CZK,EUR,SP00,A,2025-11-19,24.7143,A,CZK,Czech koruna/Euro - ECB reference exchange rate
EXR.D.CZK.EUR.SP00.A,D,CZK,EUR,SP00,A,2025-11-20,24.7153,A,CZK,Czech koruna/Euro - ECB reference exchange rate
EXR.D.CZK.EUR.SP00.A,D,CZK,EUR,SP00,A,2025-11-21,24.716,A,CZK,Czech koruna/Euro - ECB reference exchange rate
EXR.D.CZK.EUR.SP00.A,D,CZK,EUR,SP00,A,2025-11-24,24.7161,A,CZK,Czech koruna/Euro - ECB reference exchange rate
EXR.D.CZK.EUR.SP00.A,D,CZK,EUR,SP00,A,2025-11-25,24.7155,A,CZK,Czech koruna/Euro - ECB reference exchange rate
EXR.D.CZK.EUR.SP00.A,D,CZK,EUR,SP00,A,2025-11-26,24.7141,A,CZK,Czech koruna/Euro - ECB reference exchange rate
EXR.D.CZK.EUR.SP00.A,D,CZK,EUR,SP00,A,2025-11-27,24.7119,A,CZK,Czech koruna/Euro - ECB reference exchange rate
EXR.D.CZK.EUR.SP00.A,D,CZK,EUR,SP00,A,2025-11-28,24.7088,A,CZK,Czech koruna/Euro - ECB reference exchange rate
EXR.D.CZK.EUR.SP00.A,D,CZK,EUR,SP00,A,2025-12-01,24.7049,A,CZK,Czech koruna/Euro - ECB reference exchange rate
EXR.D.CZK.EUR.SP00.A,D,CZK,EUR,SP00,A,2025-12-02,24.7,A,CZK,Czech koruna/Euro - ECB reference exchange rate
EXR.D.CZK.EUR.SP00.A,D,CZK,EUR,SP00,A,2025-12-03,24.6944,A,CZK,Czech koruna/Euro - ECB reference exchange rate
EXR.D.CZK.EUR.SP00.A,D,CZK,EUR,SP00,A,2025-12-04,24.6882,A,CZK,Czech koruna/Euro - ECB reference exchange rate
EXR.D.CZK.EUR.SP00.A,D,CZK,EUR,SP00,A,2025-12-05,24.6814,A,CZK,Czech koruna/Euro - ECB reference exchange rate
EXR.D.CZK.EUR.SP00.A,D,CZK,EUR,SP00,A,2025-12-08,24.6743,A,CZK,Czech koruna/Euro - ECB reference exchange rate
EXR.D.CZK.EUR.SP00.A,D,CZK,EUR,SP00,A,2025-12-09,24.667,A,CZK,Czech koruna/Euro - ECB reference exchange rate
EXR.D.CZK.EUR.SP00.A,D,CZK,EUR,SP00,A,2025-12-10,24.6598,A,CZK,Czech koruna/Euro - ECB reference exchange rate
EXR.D.CZK.EUR.SP00.A,D,CZK,EUR,SP00,A,2025-12-11,24.6528,A,CZK,Czech koruna/Euro - ECB reference exchange rate
EXR.D.CZK.EUR.SP00.A,D,CZK,EUR,SP00,A,2025-12-12,24.6464,A,CZK,Czech koruna/Euro - ECB reference exchange rate
EXR.D.CZK.EUR.SP00.A,D,CZK,EUR,SP00,A,2025-12-15,24.6407,A,CZK,Czech koruna/Euro - ECB reference exchange rate
EXR.D.CZK.EUR.SP00.A,D,CZK,EUR,SP00,A,2025-12-16,24.6359,A,CZK,Czech koruna/Euro - ECB reference exchange rate
EXR.D.CZK.EUR.SP00.A,D,CZK,EUR,SP00,A,2025-12-17,24.6323,A,CZK,Czech koruna/Euro - ECB reference exchange rate
EXR.D.CZK.EUR.SP00.A,D,CZK,EUR,SP00,A,2025-12-18,24.63,A,CZK,Czech koruna/Euro - ECB reference exchange rate
EXR.D.CZK.EUR.SP00.A,D,CZK,EUR,SP00,A,2025-12-19,24.6292,A,CZK,Czech koruna/Euro - ECB reference exchange rate
EXR.D.CZK.EUR.SP00.A,D,CZK,EUR,SP00,A,2025-12-22,24.63,A,CZK,Czech koruna/Euro - ECB reference exchange rate
EXR.D.CZK.EUR.SP00.A,D,CZK,EUR,SP00,A,2025-12-23,24.6326,A,CZK,Czech koruna/Euro - ECB reference exchange rate
EXR.D.CZK.EUR.SP00.A,D,CZK,EUR,SP00,A,2025-12-24,24.637,A,CZK,Czech koruna/Euro - ECB reference exchange rate
EXR.D.CZK.EUR.SP00.A,D,CZK,EUR,SP00,A,2025-12-25,24.6432,A,CZK,Czech koruna/Euro - ECB reference exchange rate
EXR.D.CZK.EUR.SP00.A,D,CZK,EUR,SP00,A,2025-12-26,24.6512,A,CZK,Czech koruna/Euro - ECB reference exchange rate
EXR.D.CZK.EUR.SP00.A,D,CZK,EUR,SP00,A,2025-12-29,24.661,A,CZK,Czech koruna/Euro - ECB reference exchange rate
EXR.D.CZK.EUR.SP00.A,D,CZK,EUR,SP00,A,2025-12-30,24.6724,A,CZK,Czech koruna/Euro - ECB reference exchange rate
EXR.D.CZK.EUR.SP00.A,D,CZK,EUR,SP00,A,2025-12-31,24.6854,A,CZK,Czech koruna/Euro - ECB reference exchange rate
EXR.D.CZK.EUR.SP00.A,D,CZK,EUR,SP00,A,2026-01-01,24.6997,A,CZK,Czech koruna/Euro - ECB reference exchange rate
EXR.D.CZK.EUR.SP00.A,D,CZK,EUR,SP00,A,2026-01-02,24.7152,A,CZK,Czech koruna/Euro - ECB reference exchange rate
EXR.D.CZK.EUR.SP00.A,D,CZK,EUR,SP00,A,2026-01-05,24.7317,A,CZK,Czech koruna/Euro - ECB reference exchange rate
EXR.D.CZK.EUR.SP00.A,D,CZK,EUR,SP00,A,2026-01-06,24.749,A,CZK,Czech koruna/Euro - ECB reference exchange rate
EXR.D.CZK.EUR.SP00.A,D,CZK,EUR,SP00,A,2026-01-07,24.7667,A,CZK,Czech koruna/Euro - ECB reference exchange rate
EXR.D.CZK.EUR.SP00.A,D,CZK,EUR,SP00,A,2026-01-08,24.7847,A,CZK,Czech koruna/Euro - ECB reference exchange rate
EXR.D.CZK.EUR.SP00.A,D,CZK,EUR,SP00,A,2026-01-09,24.8028,A,CZK,Czech koruna/Euro - ECB reference exchange rate
EXR.D.CZK.EUR.SP00.A,D,CZK,EUR,SP00,A,2026-01-12,24.8205,A,CZK,Czech koruna/Euro - ECB reference exchange rate
EXR.D.CZK.EUR.SP00.A,D,CZK,EUR,SP00,A,2026-01-13,24.8378,A,CZK,Czech koruna/Euro - ECB reference exchange rate
EXR.D.CZK.EUR.SP00.A,D,CZK,EUR,SP00,A,2026-01-14,24.8544,A,CZK,Czech koruna/Euro - ECB reference exchange rate
EXR.D.CZK.EUR.SP00.A,D,CZK,EUR,SP00,A,2026-01-15,24.8702,A,CZK,Czech koruna/Euro - ECB reference exchange rate
EXR.D.CZK.EUR.SP00.A,D,CZK,EUR,SP00,A,2026-01-16,24.8849,A,CZK,Czech koruna/Euro - ECB reference exchange rate
EXR.D.CZK.EUR.SP00.A,D,CZK,EUR,SP00,A,2026-01-19,24.8985,A,CZK,Czech koruna/Euro - ECB reference exchange rate
EXR.D.CZK.EUR.SP00.A,D,CZK,EUR,SP00,A,2026-01-20,24.9108,A,CZK,Czech koruna/Euro - ECB reference exchange rate
EXR.D.CZK.EUR.SP00.A,D,CZK,EUR,SP00,A,2026-01-21,24.9218,A,CZK,Czech koruna/Euro - ECB reference exchange rate
EXR.D.CZK.EUR.SP00.A,D,CZK,EUR,SP00,A,2026-01-22,24.9315,A,CZK,Czech koruna/Euro - ECB reference exchange rate
EXR.D.CZK.EUR.SP00.A,D,CZK,EUR,SP00,A,2026-01-23,24.9399,A,CZK,Czech koruna/Euro - ECB reference exchange rate
EXR.D.CZK.EUR.SP00.A,D,CZK,EUR,SP00,A,2026-01-26,24.947,A,CZK,Czech koruna/Euro - ECB reference exchange rate
EXR.D.CZK.EUR.SP00.A,D,CZK,EUR,SP00,A,2026-01-27,24.953,A,CZK,Czech koruna/Euro - ECB reference exchange rate
EXR.D.CZK.EUR.SP00.A,D,CZK,EUR,SP00,A,2026-01-28,24.958,A,CZK,Czech koruna/Euro - ECB reference exchange rate
EXR.D.CZK.EUR.SP00.A,D,CZK,EUR,SP00,A,2026-01-29,24.9621,A,CZK,Czech koruna/Euro - ECB reference exchange rate
EXR.D.CZK.EUR.SP00.A,D,CZK,EUR,SP00,A,2026-01-30,24.9655,A,CZK,Czech koruna/Euro - ECB reference exchange rate
EXR.D.CZK.EUR.SP00.A,D,CZK,EUR,SP00,A,2026-02-02,24.9685,A,CZK,Czech koruna/Euro - ECB reference exchange rate
EXR.D.CZK.EUR.SP00.A,D,CZK,EUR,SP00,A,2026-02-03,24.9711,A,CZK,Czech koruna/Euro - ECB reference exchange rate
EXR.D.CZK.EUR.SP00.A,D,CZK,EUR,SP00,A,2026-02-04,24.9736,A,CZK,Czech koruna/Euro - ECB reference exchange rate
EXR.D.CZK.EUR.SP00.A,D,CZK,EUR,SP00,A,2026-02-05,24.9763,A,CZK,Czech koruna/Euro - ECB reference exchange rate
EXR.D.CZK.EUR.SP00.A,D,CZK,EUR,SP00,A,2026-02-06,24.9792,A,CZK,Czech koruna/Euro - ECB reference exchange rate
EXR.D.CZK.EUR.SP00.A,D,CZK,EUR,SP00,A,2026-02-09,24.9827,A,CZK,Czech koruna/Euro - ECB reference exchange rate
EXR.D.CZK.EUR.SP00.A,D,CZK,EUR,SP00,A,2026-02-10,24.9868,A,CZK,Czech koruna/Euro - ECB reference exchange rate
EXR.D.CZK.EUR.SP00.A,D,CZK,EUR,SP00,A,2026-02-11,24.9917,A,CZK,Czech koruna/Euro - ECB reference exchange rate
EXR.D.CZK.EUR.SP00.A,D,CZK,EUR,SP00,A,2026-02-12,24.9976,A,CZK,Czech koruna/Euro - ECB reference exchange rate
EXR.D.CZK.EUR.SP00.A,D,CZK,EUR,SP00,A,2026-02-13,25.0044,A,CZK,Czech koruna/Euro - ECB reference exchange rate
EXR.D.CZK.EUR.SP00.A,D,CZK,EUR,SP00,A,2026-02-16,25.0123,A,CZK,Czech koruna/Euro - ECB reference exchange rate
EXR.D.CZK.EUR.SP00.A,D,CZK,EUR,SP00,A,2026-02-17,25.0212,A,CZK,Czech koruna/Euro - ECB reference exchange rate
EXR.D.CZK.EUR.SP00.A,D,CZK,EUR,SP00,A,2026-02-18,25.0312,A,CZK,Czech koruna/Euro - ECB reference exchange rate
EXR.D.CZK.EUR.SP00.A,D,CZK,EUR,SP00,A,2026-02-19,25.0421,A,CZK,Czech koruna/Euro - ECB reference exchange rate
EXR.D.CZK.EUR.SP00.A,D,CZK,EUR,SP00,A,2026-02-20,25.0538,A,CZK,Czech koruna/Euro - ECB reference exchange rate
EXR.D.CZK.EUR.SP00.A,D,CZK,EUR,SP00,A,2026-02-23,25.0663,A,CZK,Czech koruna/Euro - ECB reference exchange rate
EXR.D.CZK.EUR.SP00.A,D,CZK,EUR,SP00,A,2026-02-24,25.0793,A,CZK,Czech koruna/Euro - ECB reference exchange rate
EXR.D.CZK.EUR.SP00.A,D,CZK,EUR,SP00,A,2026-02-25,25.0927,A,CZK,Czech koruna/Euro - ECB reference exchange rate
EXR.D.CZK.EUR.SP00.A,D,CZK,EUR,SP00,A,2026-02-26,25.1062,A,CZK,Czech koruna/Euro - ECB reference exchange rate
EXR.D.CZK.EUR.SP00.A,D,CZK,EUR,SP00,A,2026-02-27,25.1196,A,CZK,Czech koruna/Euro - ECB reference exchange rate
EXR.D.CZK.EUR.SP00.A,D,CZK,EUR,SP00,A,2026-03-02,25.1327,A,CZK,Czech koruna/Euro - ECB reference exchange rate
EXR.D.CZK.EUR.SP00.A,D,CZK,EUR,SP00,A,2026-03-03,25.1452,A,CZK,Czech koruna/Euro - ECB reference exchange rate
EXR.D.CZK.EUR.SP00.A,D,CZK,EUR,SP00,A,2026-03-04,25.1569,A,CZK,Czech koruna/Euro - ECB reference exchange rate
EXR.D.CZK.EUR.SP00.A,D,CZK,EUR,SP00,A,2026-03-05,25.1676,A,CZK,Czech koruna/Euro - ECB reference exchange rate
EXR.D.CZK.EUR.SP00.A,D,CZK,EUR,SP00,A,2026-03-06,25.177,A,CZK,Czech koruna/Euro - ECB reference exchange rate
EXR.D.CZK.EUR.SP00.A,D,CZK,EUR,SP00,A,2026-03-09,25.185,A,CZK,Czech koruna/Euro - ECB reference exchange rate
EXR.D.CZK.EUR.SP00.A,D,CZK,EUR,SP00,A,2026-03-10,25.1915,A,CZK,Czech koruna/Euro - ECB reference exchange rate
EXR.D.CZK.EUR.SP00.A,D,CZK,EUR,SP00,A,2026-03-11,25.1961,A,CZK,Czech koruna/Euro - ECB reference exchange rate
EXR.D.CZK.EUR.SP00.A,D,CZK,EUR,SP00,A,2026-03-12,25.199,A,CZK,Czech koruna/Euro - ECB reference exchange rate
EXR.D.CZK.EUR.SP00.A,D,CZK,EUR,SP00,A,2026-03-13,25.2,A,CZK,Czech koruna/Euro - ECB reference exchange rate
EXR.D.CZK.EUR.SP00.A,D,CZK,EUR,SP00,A,2026-03-16,25.1991,A,CZK,Czech koruna/Euro - ECB reference exchange rate
EXR.D.CZK.EUR.SP00.A,D,CZK,EUR,SP00,A,2026-03-17,25.1963,A,CZK,Czech koruna/Euro - ECB reference exchange rate
EXR.D.CZK.EUR.SP00.A,D,CZK,EUR,SP00,A,2026-03-18,25.1917,A,CZK,Czech koruna/Euro - ECB reference exchange rate
EXR.D.CZK.EUR.SP00.A,D,CZK,EUR,SP00,A,2026-03-19,25.1853,A,CZK,Czech koruna/Euro - ECB reference exchange rate
EXR.D.CZK.EUR.SP00.A,D,CZK,EUR,SP00,A,2026-03-20,25.1773,A,CZK,Czech koruna/Euro - ECB reference exchange rate
EXR.D.CZK.EUR.SP00.A,D,CZK,EUR,SP00,A,2026-03-23,25.168,A,CZK,Czech koruna/Euro - ECB reference exchange rate
EXR.D.CZK.EUR.SP00.A,D,CZK,EUR,SP00,A,2026-03-24,25.1573,A,CZK,Czech koruna/Euro - ECB reference exchange rate
EXR.D.CZK.EUR.SP00.A,D,CZK,EUR,SP00,A,2026-03-25,25.1456,A,CZK,Czech koruna/Euro - ECB reference exchange rate
EXR.D.CZK.EUR.SP00.A,D,CZK,EUR,SP00,A,2026-03-26,25.1331,A,CZK,Czech koruna/Euro - ECB reference exchange rate
EXR.D.CZK.EUR.SP00.A,D,CZK,EUR,SP00,A,2026-03-27,25.1201,A,CZK,Czech koruna/Euro - ECB reference exchange rate
EXR.D.CZK.EUR.SP00.A,D,CZK,EUR,SP00,A,2026-03-30,25.1067,A,CZK,Czech koruna/Euro - ECB reference exchange rate
EXR.D.CZK.EUR.SP00.A,D,CZK,EUR,SP00,A,2026-03-31,25.0932,A,CZK,Czech koruna/Euro - ECB reference exchange rate
EXR.D.CZK.EUR.SP00.A,D,CZK,EUR,SP00,A,2026-04-01,25.0798,A,CZK,Czech koruna/Euro - ECB reference exchange rate
EXR.D.CZK.EUR.SP00.A,D,CZK,EUR,SP00,A,2026-04-02,25.0668,A,CZK,Czech koruna/Euro - ECB reference exchange rate
EXR.D.CZK.EUR.SP00.A,D,CZK,EUR,SP00,A,2026-04-03,25.0543,A,CZK,Czech koruna/Euro - ECB reference exchange rate
EXR.D.CZK.EUR.SP00.A,D,CZK,EUR,SP00,A,2026-04-06,25.0425,A,CZK,Czech koruna/Euro - ECB reference exchange rate
EXR.D.CZK.EUR.SP00.A,D,CZK,EUR,SP00,A,2026-04-07,25.0315,A,CZK,Czech koruna/Euro - ECB reference exchange rate
EXR.D.CZK.EUR.SP00.A,D,CZK,EUR,SP00,A,2026-04-08,25.0216,A,CZK,Czech koruna/Euro - ECB reference exchange rate
EXR.D.CZK.EUR.SP00.A,D,CZK,EUR,SP00,A,2026-04-09,25.0126,A,CZK,Czech koruna/Euro - ECB reference exchange rate
EXR.D.CZK.EUR.SP00.A,D,CZK,EUR,SP00,A,2026-04-10,25.0047,A,CZK,Czech koruna/Euro - ECB reference exchange rate
EXR.D.CZK.EUR.SP00.A,D,CZK,EUR,SP00,A,2026-04-13,24.9978,A,CZK,Czech koruna/Euro - ECB reference exchange rate
EXR.D.CZK.EUR.SP00.A,D,CZK,EUR,SP00,A,2026-04-14,24.9919,A,CZK,Czech koruna/Euro - ECB reference exchange rate
EXR.D.CZK.EUR.SP00.A,D,CZK,EUR,SP00,A,2026-04-15,24.987,A,CZK,Czech koruna/Euro - ECB reference exchange rate
EXR.D.CZK.EUR.SP00.A,D,CZK,EUR,SP00,A,2026-04-16,24.9828,A,CZK,Czech koruna/Euro - ECB reference exchange rate
EXR.D.CZK.EUR.SP00.A,D,CZK,EUR,SP00,A,2026-04-17,24.9793,A,CZK,Czech koruna/Euro - ECB reference exchange rate
EXR.D.CZK.EUR.SP00.A,D,CZK,EUR,SP00,A,2026-04-20,24.9764,A,CZK,Czech koruna/Euro - ECB reference exchange rate
EXR.D.CZK.EUR.SP00.A,D,CZK,EUR,SP00,A,2026-04-21,24.9737,A,CZK,Czech koruna/Euro - ECB reference exchange rate
EXR.D.CZK.EUR.SP00.A,D,CZK,EUR,SP00,A,2026-04-22,24.9712,A,CZK,Czech koruna/Euro - ECB reference exchange rate
EXR.D.CZK.EUR.SP00.A,D,CZK,EUR,SP00,A,2026-04-23,24.9686,A,CZK,Czech koruna/Euro - ECB reference exchange rate
EXR.D.CZK.EUR.SP00.A,D,CZK,EUR,SP00,A,2026-04-24,24.9657,A,CZK,Czech koruna/Euro - ECB reference exchange rate
EXR.D.CZK.EUR.SP00.A,D,CZK,EUR,SP00,A,2026-04-27,24.9623,A,CZK,Czech koruna/Euro - ECB reference exchange rate
EXR.D.CZK.EUR.SP00.A,D,CZK,EUR,SP00,A,2026-04-28,24.9582,A,CZK,Czech koruna/Euro - ECB reference exchange rate
EXR.D.CZK.EUR.SP00.A,D,CZK,EUR,SP00,A,2026-04-29,24.9532,A,CZK,Czech koruna/Euro - ECB reference exchange rate
EXR.D.CZK.EUR.SP00.A,D,CZK,EUR,SP00,A,2026-04-30,24.9472,A,CZK,Czech koruna/Euro - ECB reference exchange rate
EXR.D.CZK.EUR.SP00.A,D,CZK,EUR,SP00,A,2026-05-01,24.9401,A,CZK,Czech koruna/Euro - ECB reference exchange rate
EXR.D.CZK.EUR.SP00.A,D,CZK,EUR,SP00,A,2026-05-04,24.9318,A,CZK,Czech koruna/Euro - ECB reference exchange rate
EXR.D.CZK.EUR.SP00.A,D,CZK,EUR,SP00,A,2026-05-05,24.9221,A,CZK,Czech koruna/Euro - ECB reference exchange rate
EXR.D.CZK.EUR.SP00.A,D,CZK,EUR,SP00,A,2026-05-06,24.9112,A,CZK,Czech koruna/Euro - ECB reference exchange rate
EXR.D.CZK.EUR.SP00.A,D,CZK,EUR,SP00,A,2026-05-07,24.8989,A,CZK,Czech koruna/Euro - ECB reference exchange rate
EXR.D.CZK.EUR.SP00.A,D,CZK,EUR,SP00,A,2026-05-08,24.8854,A,CZK,Czech koruna/Euro - ECB reference exchange rate
EXR.D.CZK.EUR.SP00.A,D,CZK,EUR,SP00,A,2026-05-11,24.8707,A,CZK,Czech koruna/Euro - ECB reference exchange rate
EXR.D.CZK.EUR.SP00.A,D,CZK,EUR,SP00,A,2026-05-12,24.855,A,CZK,Czech koruna/Euro - ECB reference exchange rate
EXR.D.CZK.EUR.SP00.A,D,CZK,EUR,SP00,A,2026-05-13,24.8384,A,CZK,Czech koruna/Euro - ECB reference exchange rate
EXR.D.CZK.EUR.SP00.A,D,CZK,EUR,SP00,A,2026-05-14,24.8211,A,CZK,Czech koruna/Euro - ECB reference exchange rate
EXR.D.CZK.EUR.SP00.A,D,CZK,EUR,SP00,A,2026-05-15,24.8034,A,CZK,Czech koruna/Euro - ECB reference exchange rate
EXR.D.CZK.EUR.SP00.A,D,CZK,EUR,SP00,A,2026-05-18,24.7854,A,CZK,Czech koruna/Euro - ECB reference exchange rate
EXR.D.CZK.EUR.SP00.A,D,CZK,EUR,SP00,A,2026-05-19,24.7674,A,CZK,Czech koruna/Euro - ECB reference exchange rate
EXR.D.CZK.EUR.SP00.A,D,CZK,EUR,SP00,A,2026-05-20,24.7496,A,CZK,Czech koruna/Euro - ECB reference exchange rate
EXR.D.CZK.EUR.SP00.A,D,CZK,EUR,SP00,A,2026-05-21,24.7323,A,CZK,Czech koruna/Euro - ECB reference exchange rate
EXR.D.CZK.EUR.SP00.A,D,CZK,EUR,SP00,A,2026-05-22,24.7158,A,CZK,Czech koruna/Euro - ECB reference exchange rate
EXR.D.CZK.EUR.SP00.A,D,CZK,EUR,SP00,A,2026-05-25,24.7002,A,CZK,Czech koruna/Euro - ECB reference exchange rate
EXR.D.CZK.EUR.SP00.A,D,CZK,EUR,SP00,A,2026-05-26,24.6858,A,CZK,Czech koruna/Euro - ECB reference exchange rate
EXR.D.CZK.EUR.SP00.A,D,CZK,EUR,SP00,A,2026-05-27,24.6728,A,CZK,Czech koruna/Euro - ECB reference exchange rate
EXR.D.CZK.EUR.SP00.A,D,CZK,EUR,SP00,A,2026-05-28,24.6614,A,CZK,Czech koruna/Euro - ECB reference exchange rate
EXR.D.CZK.EUR.SP00.A,D,CZK,EUR,SP00,A,2026-05-29,24.6515,A,CZK,Czech koruna/Euro - ECB reference exchange rate
EXR.D.CZK.EUR.SP00.A,D,CZK,EUR,SP00,A,2026-06-01,24.6435,A,CZK,Czech koruna/Euro - ECB reference exchange rate
EXR.D.CZK.EUR.SP00.A,D,CZK,EUR,SP00,A,2026-06-02,24.6372,A,CZK,Czech koruna/Euro - ECB reference exchange rate
EXR.D.CZK.EUR.SP00.A,D,CZK,EUR,SP00,A,2026-06-03,24.6328,A,CZK,Czech koruna/Euro - ECB reference exchange rate
EXR.D.CZK.EUR.SP00.A,D,CZK,EUR,SP00,A,2026-06-04,24.6301,A,CZK,Czech koruna/Euro - ECB reference exchange rate
EXR.D.CZK.EUR.SP00.A,D,CZK,EUR,SP00,A,2026-06-05,24.6292,A,CZK,Czech koruna/Euro - ECB reference exchange rate
EXR.D.CZK.EUR.SP00.A,D,CZK,EUR,SP00,A,2026-06-08,24.6299,A,CZK,Czech koruna/Euro - ECB reference exchange rate
EXR.D.CZK.EUR.SP00.A,D,CZK,EUR,SP00,A,2026-06-09,24.6322,A,CZK,Czech koruna/Euro - ECB reference exchange rate
EXR.D.CZK.EUR.SP00.A,D,CZK,EUR,SP00,A,2026-06-10,24.6357,A,CZK,Czech koruna/Euro - ECB reference exchange rate
EXR.D.CZK.EUR.SP00.A,D,CZK,EUR,SP00,A,2026-06-11,24.6405,A,CZK,Czech koruna/Euro - ECB reference exchange rate
EXR.D.CZK.EUR.SP00.A,D,CZK,EUR,SP00,A,2026-06-12,24.6462,A,CZK,Czech koruna/Euro - ECB reference exchange rate
EXR.D.CZK.EUR.SP00.A,D,CZK,EUR,SP00,A,2026-06-15,24.6526,A,CZK,Czech koruna/Euro - ECB reference exchange rate
EXR.D.CZK.EUR.SP00.A,D,CZK,EUR,SP00,A,2026-06-16,24.6595,A,CZK,Czech koruna/Euro - ECB reference exchange rate
EXR.D.CZK.EUR.SP00.A,D,CZK,EUR,SP00,A,2026-06-17,24.6668,A,CZK,Czech koruna/Euro - ECB reference exchange rate
EXR.D.CZK.EUR.SP00.A,D,CZK,EUR,SP00,A,2026-06-18,24.674,A,CZK,Czech koruna/Euro - ECB reference exchange rate
EXR.D.CZK.EUR.SP00.A,D,CZK,EUR,SP00,A,2026-06-19,24.6812,A,CZK,Czech koruna/Euro - ECB reference exchange rate
EXR.D.CZK.EUR.SP00.A,D,CZK,EUR,SP00,A,2026-06-22,24.688,A,CZK,Czech koruna/Euro - ECB reference exchange rate
EXR.D.CZK.EUR.SP00.A,D,CZK,EUR,SP00,A,2026-06-23,24.6942,A,CZK,Czech koruna/Euro - ECB reference exchange rate
EXR.D.CZK.EUR.SP00.A,D,CZK,EUR,SP00,A,2026-06-24,24.6999,A,CZK,Czech koruna/Euro - ECB reference exchange rate
EXR.D.CZK.EUR.SP00.A,D,CZK,EUR,SP00,A,2026-06-25,24.7047,A,CZK,Czech koruna/Euro - ECB reference exchange rate
EXR.D.CZK.EUR.SP00.A,D,CZK,EUR,SP00,A,2026-06-26,24.7087,A,CZK,Czech koruna/Euro - ECB reference exchange rate
EXR.D.CZK.EUR.SP00.A,D,CZK,EUR,SP00,A,2026-06-29,24.7118,A,CZK,Czech koruna/Euro - ECB reference exchange rate
EXR.D.CZK.EUR.SP00.A,D,CZK,EUR,SP00,A,2026-06-30,24.7141,A,CZK,Czech koruna/Euro - ECB reference exchange rate
